-- MySQL dump 10.13  Distrib 8.0.44, for Linux (x86_64)
--
-- Host: localhost    Database: frys_db
-- ------------------------------------------------------
-- Server version	8.0.44

/*!40101 SET @OLD_CHARACTER_SET_CLIENT=@@CHARACTER_SET_CLIENT */;
/*!40101 SET @OLD_CHARACTER_SET_RESULTS=@@CHARACTER_SET_RESULTS */;
/*!40101 SET @OLD_COLLATION_CONNECTION=@@COLLATION_CONNECTION */;
/*!50503 SET NAMES utf8mb4 */;
/*!40103 SET @OLD_TIME_ZONE=@@TIME_ZONE */;
/*!40103 SET TIME_ZONE='+00:00' */;
/*!40014 SET @OLD_UNIQUE_CHECKS=@@UNIQUE_CHECKS, UNIQUE_CHECKS=0 */;
/*!40014 SET @OLD_FOREIGN_KEY_CHECKS=@@FOREIGN_KEY_CHECKS, FOREIGN_KEY_CHECKS=0 */;
/*!40101 SET @OLD_SQL_MODE=@@SQL_MODE, SQL_MODE='NO_AUTO_VALUE_ON_ZERO' */;
/*!40111 SET @OLD_SQL_NOTES=@@SQL_NOTES, SQL_NOTES=0 */;

--
-- Table structure for table `alembic_version`
--

DROP TABLE IF EXISTS `alembic_version`;
/*!40101 SET @saved_cs_client     = @@character_set_client */;
/*!50503 SET character_set_client = utf8mb4 */;
CREATE TABLE `alembic_version` (
  `version_num` varchar(32) NOT NULL,
  PRIMARY KEY (`version_num`)
) ENGINE=InnoDB DEFAULT CHARSET=utf8mb4 COLLATE=utf8mb4_0900_ai_ci;
/*!40101 SET character_set_client = @saved_cs_client */;

--
-- Dumping data for table `alembic_version`
--

LOCK TABLES `alembic_version` WRITE;
/*!40000 ALTER TABLE `alembic_version` DISABLE KEYS */;
INSERT INTO `alembic_version` VALUES ('3cafdb40cd7b');
/*!40000 ALTER TABLE `alembic_version` ENABLE KEYS */;
UNLOCK TABLES;

--
-- Table structure for table `colores`
--

DROP TABLE IF EXISTS `colores`;
/*!40101 SET @saved_cs_client     = @@character_set_client */;
/*!50503 SET character_set_client = utf8mb4 */;
CREATE TABLE `colores` (
  `id` int NOT NULL AUTO_INCREMENT,
  `nombre` varchar(100) NOT NULL,
  PRIMARY KEY (`id`),
  UNIQUE KEY `nombre` (`nombre`),
  KEY `ix_colores_id` (`id`)
) ENGINE=InnoDB AUTO_INCREMENT=2 DEFAULT CHARSET=utf8mb4 COLLATE=utf8mb4_0900_ai_ci;
/*!40101 SET character_set_client = @saved_cs_client */;

--
-- Dumping data for table `colores`
--

LOCK TABLES `colores` WRITE;
/*!40000 ALTER TABLE `colores` DISABLE KEYS */;
INSERT INTO `colores` VALUES (1,'Transparente');
/*!40000 ALTER TABLE `colores` ENABLE KEYS */;
UNLOCK TABLES;

--
-- Table structure for table `detalle_produccion_extrusora`
--

DROP TABLE IF EXISTS `detalle_produccion_extrusora`;
/*!40101 SET @saved_cs_client     = @@character_set_client */;
/*!50503 SET character_set_client = utf8mb4 */;
CREATE TABLE `detalle_produccion_extrusora` (
  `id` int NOT NULL AUTO_INCREMENT,
  `produccion_extrusora_id` int NOT NULL,
  `kg` float NOT NULL,
  `numero_rollo` int NOT NULL,
  PRIMARY KEY (`id`),
  KEY `produccion_extrusora_id` (`produccion_extrusora_id`),
  KEY `ix_detalle_produccion_extrusora_id` (`id`),
  CONSTRAINT `detalle_produccion_extrusora_ibfk_1` FOREIGN KEY (`produccion_extrusora_id`) REFERENCES `produccion_extrusora` (`id`)
) ENGINE=InnoDB AUTO_INCREMENT=33 DEFAULT CHARSET=utf8mb4 COLLATE=utf8mb4_0900_ai_ci;
/*!40101 SET character_set_client = @saved_cs_client */;

--
-- Dumping data for table `detalle_produccion_extrusora`
--

LOCK TABLES `detalle_produccion_extrusora` WRITE;
/*!40000 ALTER TABLE `detalle_produccion_extrusora` DISABLE KEYS */;
INSERT INTO `detalle_produccion_extrusora` VALUES (15,4,50,1),(16,4,60,2),(17,4,40,3),(18,4,50,4),(19,5,50,5),(20,5,60,6),(21,5,40,7),(22,6,100,8),(23,6,100,9),(24,7,50,1),(25,7,40,2),(26,7,60,3),(27,7,50,4),(28,8,40,5),(29,8,40,6),(31,8,100,7),(32,8,130,8);
/*!40000 ALTER TABLE `detalle_produccion_extrusora` ENABLE KEYS */;
UNLOCK TABLES;

--
-- Table structure for table `empresas`
--

DROP TABLE IF EXISTS `empresas`;
/*!40101 SET @saved_cs_client     = @@character_set_client */;
/*!50503 SET character_set_client = utf8mb4 */;
CREATE TABLE `empresas` (
  `id` int NOT NULL AUTO_INCREMENT,
  `tipo_empresa` enum('cliente','proveedor') NOT NULL,
  `nombre` varchar(150) NOT NULL,
  `rut` varchar(20) DEFAULT NULL,
  `razon_social` varchar(200) DEFAULT NULL,
  `direccion` varchar(255) DEFAULT NULL,
  `telefono` varchar(20) DEFAULT NULL,
  `activo` tinyint(1) DEFAULT NULL,
  PRIMARY KEY (`id`),
  KEY `ix_empresas_id` (`id`)
) ENGINE=InnoDB AUTO_INCREMENT=3 DEFAULT CHARSET=utf8mb4 COLLATE=utf8mb4_0900_ai_ci;
/*!40101 SET character_set_client = @saved_cs_client */;

--
-- Dumping data for table `empresas`
--

LOCK TABLES `empresas` WRITE;
/*!40000 ALTER TABLE `empresas` DISABLE KEYS */;
INSERT INTO `empresas` VALUES (1,'cliente','Camanchaca','1-9','Salmonera','Juan Soler Manfredini, frente al terminal','999999',1),(2,'proveedor','Proveedor1','1-9','Proveedor1','SIn direccion','999999',1);
/*!40000 ALTER TABLE `empresas` ENABLE KEYS */;
UNLOCK TABLES;

--
-- Table structure for table `maquinas`
--

DROP TABLE IF EXISTS `maquinas`;
/*!40101 SET @saved_cs_client     = @@character_set_client */;
/*!50503 SET character_set_client = utf8mb4 */;
CREATE TABLE `maquinas` (
  `id` int NOT NULL AUTO_INCREMENT,
  `nombre` varchar(100) NOT NULL,
  `url_foto` varchar(255) DEFAULT NULL,
  `tipo_maquina_id` int NOT NULL,
  PRIMARY KEY (`id`),
  KEY `tipo_maquina_id` (`tipo_maquina_id`),
  KEY `ix_maquinas_id` (`id`),
  CONSTRAINT `maquinas_ibfk_1` FOREIGN KEY (`tipo_maquina_id`) REFERENCES `tipo_maquinas` (`id`)
) ENGINE=InnoDB AUTO_INCREMENT=7 DEFAULT CHARSET=utf8mb4 COLLATE=utf8mb4_0900_ai_ci;
/*!40101 SET character_set_client = @saved_cs_client */;

--
-- Dumping data for table `maquinas`
--

LOCK TABLES `maquinas` WRITE;
/*!40000 ALTER TABLE `maquinas` DISABLE KEYS */;
INSERT INTO `maquinas` VALUES (1,'Extrusora1','',1),(2,'Extrusora2','',1),(3,'Extrusora3','',1),(4,'Selladora1','',2),(5,'Selladora2','',2),(6,'selladora3','',2);
/*!40000 ALTER TABLE `maquinas` ENABLE KEYS */;
UNLOCK TABLES;

--
-- Table structure for table `materia_prima`
--

DROP TABLE IF EXISTS `materia_prima`;
/*!40101 SET @saved_cs_client     = @@character_set_client */;
/*!50503 SET character_set_client = utf8mb4 */;
CREATE TABLE `materia_prima` (
  `id` int NOT NULL AUTO_INCREMENT,
  `fecha` date NOT NULL,
  `empresa_id` int NOT NULL,
  `oc` varchar(100) DEFAULT NULL,
  `factura` varchar(100) DEFAULT NULL,
  PRIMARY KEY (`id`),
  KEY `empresa_id` (`empresa_id`),
  KEY `ix_materia_prima_id` (`id`),
  CONSTRAINT `materia_prima_ibfk_1` FOREIGN KEY (`empresa_id`) REFERENCES `empresas` (`id`)
) ENGINE=InnoDB AUTO_INCREMENT=2 DEFAULT CHARSET=utf8mb4 COLLATE=utf8mb4_0900_ai_ci;
/*!40101 SET character_set_client = @saved_cs_client */;

--
-- Dumping data for table `materia_prima`
--

LOCK TABLES `materia_prima` WRITE;
/*!40000 ALTER TABLE `materia_prima` DISABLE KEYS */;
INSERT INTO `materia_prima` VALUES (1,'2026-03-04',2,'001','002');
/*!40000 ALTER TABLE `materia_prima` ENABLE KEYS */;
UNLOCK TABLES;

--
-- Table structure for table `materia_prima_detalle`
--

DROP TABLE IF EXISTS `materia_prima_detalle`;
/*!40101 SET @saved_cs_client     = @@character_set_client */;
/*!50503 SET character_set_client = utf8mb4 */;
CREATE TABLE `materia_prima_detalle` (
  `id` int NOT NULL AUTO_INCREMENT,
  `mp_id` int NOT NULL,
  `mp_tipo_id` int NOT NULL,
  `color_id` int NOT NULL,
  `kg` float NOT NULL,
  PRIMARY KEY (`id`),
  KEY `color_id` (`color_id`),
  KEY `mp_id` (`mp_id`),
  KEY `mp_tipo_id` (`mp_tipo_id`),
  KEY `ix_materia_prima_detalle_id` (`id`),
  CONSTRAINT `materia_prima_detalle_ibfk_1` FOREIGN KEY (`color_id`) REFERENCES `colores` (`id`),
  CONSTRAINT `materia_prima_detalle_ibfk_2` FOREIGN KEY (`mp_id`) REFERENCES `materia_prima` (`id`),
  CONSTRAINT `materia_prima_detalle_ibfk_3` FOREIGN KEY (`mp_tipo_id`) REFERENCES `materia_prima_tipo` (`id`)
) ENGINE=InnoDB AUTO_INCREMENT=2 DEFAULT CHARSET=utf8mb4 COLLATE=utf8mb4_0900_ai_ci;
/*!40101 SET character_set_client = @saved_cs_client */;

--
-- Dumping data for table `materia_prima_detalle`
--

LOCK TABLES `materia_prima_detalle` WRITE;
/*!40000 ALTER TABLE `materia_prima_detalle` DISABLE KEYS */;
INSERT INTO `materia_prima_detalle` VALUES (1,1,3,1,100);
/*!40000 ALTER TABLE `materia_prima_detalle` ENABLE KEYS */;
UNLOCK TABLES;

--
-- Table structure for table `materia_prima_tipo`
--

DROP TABLE IF EXISTS `materia_prima_tipo`;
/*!40101 SET @saved_cs_client     = @@character_set_client */;
/*!50503 SET character_set_client = utf8mb4 */;
CREATE TABLE `materia_prima_tipo` (
  `id` int NOT NULL AUTO_INCREMENT,
  `nombre` varchar(100) NOT NULL,
  PRIMARY KEY (`id`),
  UNIQUE KEY `nombre` (`nombre`),
  KEY `ix_materia_prima_tipo_id` (`id`)
) ENGINE=InnoDB AUTO_INCREMENT=7 DEFAULT CHARSET=utf8mb4 COLLATE=utf8mb4_0900_ai_ci;
/*!40101 SET character_set_client = @saved_cs_client */;

--
-- Dumping data for table `materia_prima_tipo`
--

LOCK TABLES `materia_prima_tipo` WRITE;
/*!40000 ALTER TABLE `materia_prima_tipo` DISABLE KEYS */;
INSERT INTO `materia_prima_tipo` VALUES (3,'Alta'),(1,'Baja'),(2,'Lineal'),(6,'Rec Natural'),(5,'Rec. BCO'),(4,'Uso Pesado');
/*!40000 ALTER TABLE `materia_prima_tipo` ENABLE KEYS */;
UNLOCK TABLES;

--
-- Table structure for table `op_selladora`
--

DROP TABLE IF EXISTS `op_selladora`;
/*!40101 SET @saved_cs_client     = @@character_set_client */;
/*!50503 SET character_set_client = utf8mb4 */;
CREATE TABLE `op_selladora` (
  `id` int NOT NULL AUTO_INCREMENT,
  `fecha` date NOT NULL,
  `empresa_id` int DEFAULT NULL,
  `producto_id` int NOT NULL,
  `color_id` int NOT NULL,
  `ancho` float NOT NULL,
  `espesor` float NOT NULL,
  `largo` float NOT NULL,
  `unidades` int NOT NULL,
  `kilos` float NOT NULL,
  `estado` varchar(20) NOT NULL,
  PRIMARY KEY (`id`),
  KEY `color_id` (`color_id`),
  KEY `empresa_id` (`empresa_id`),
  KEY `producto_id` (`producto_id`),
  KEY `ix_op_selladora_id` (`id`),
  CONSTRAINT `op_selladora_ibfk_1` FOREIGN KEY (`color_id`) REFERENCES `colores` (`id`),
  CONSTRAINT `op_selladora_ibfk_2` FOREIGN KEY (`empresa_id`) REFERENCES `empresas` (`id`),
  CONSTRAINT `op_selladora_ibfk_3` FOREIGN KEY (`producto_id`) REFERENCES `productos` (`id`)
) ENGINE=InnoDB AUTO_INCREMENT=3 DEFAULT CHARSET=utf8mb4 COLLATE=utf8mb4_0900_ai_ci;
/*!40101 SET character_set_client = @saved_cs_client */;

--
-- Dumping data for table `op_selladora`
--

LOCK TABLES `op_selladora` WRITE;
/*!40000 ALTER TABLE `op_selladora` DISABLE KEYS */;
INSERT INTO `op_selladora` VALUES (1,'2026-03-19',1,5,1,120,80,40,3000,0,'completada'),(2,'2026-03-19',NULL,5,1,120,80,70,4000,400,'en_produccion');
/*!40000 ALTER TABLE `op_selladora` ENABLE KEYS */;
UNLOCK TABLES;

--
-- Table structure for table `ordenes_produccion`
--

DROP TABLE IF EXISTS `ordenes_produccion`;
/*!40101 SET @saved_cs_client     = @@character_set_client */;
/*!50503 SET character_set_client = utf8mb4 */;
CREATE TABLE `ordenes_produccion` (
  `id` int NOT NULL AUTO_INCREMENT,
  `estado` enum('pendiente','en_produccion','completada','cancelada') CHARACTER SET utf8mb4 COLLATE utf8mb4_0900_ai_ci NOT NULL,
  `empresa_id` int DEFAULT NULL,
  `oc_cliente` varchar(100) DEFAULT NULL,
  `fecha` date NOT NULL,
  `densidad` enum('alta','baja') CHARACTER SET utf8mb4 COLLATE utf8mb4_0900_ai_ci NOT NULL,
  `color_id` int NOT NULL,
  `ancho` int NOT NULL,
  `espesor` int NOT NULL,
  `kilos` float NOT NULL,
  `producto_id` int NOT NULL,
  PRIMARY KEY (`id`),
  KEY `ix_ordenes_produccion_id` (`id`),
  KEY `fk_op_color` (`color_id`),
  KEY `empresa_id` (`empresa_id`),
  KEY `producto_id` (`producto_id`),
  CONSTRAINT `fk_op_color` FOREIGN KEY (`color_id`) REFERENCES `colores` (`id`),
  CONSTRAINT `ordenes_produccion_ibfk_1` FOREIGN KEY (`empresa_id`) REFERENCES `empresas` (`id`),
  CONSTRAINT `ordenes_produccion_ibfk_2` FOREIGN KEY (`producto_id`) REFERENCES `productos` (`id`)
) ENGINE=InnoDB AUTO_INCREMENT=5 DEFAULT CHARSET=utf8mb4 COLLATE=utf8mb4_0900_ai_ci;
/*!40101 SET character_set_client = @saved_cs_client */;

--
-- Dumping data for table `ordenes_produccion`
--

LOCK TABLES `ordenes_produccion` WRITE;
/*!40000 ALTER TABLE `ordenes_produccion` DISABLE KEYS */;
INSERT INTO `ordenes_produccion` VALUES (2,'completada',1,'99','2025-01-01','alta',1,120,80,500,1),(3,'pendiente',NULL,NULL,'2026-03-03','alta',1,80,50,200,2),(4,'completada',1,'999','2026-03-10','alta',1,60,100,500.06,1);
/*!40000 ALTER TABLE `ordenes_produccion` ENABLE KEYS */;
UNLOCK TABLES;

--
-- Table structure for table `perfiles`
--

DROP TABLE IF EXISTS `perfiles`;
/*!40101 SET @saved_cs_client     = @@character_set_client */;
/*!50503 SET character_set_client = utf8mb4 */;
CREATE TABLE `perfiles` (
  `id` int NOT NULL AUTO_INCREMENT,
  `nombre` varchar(50) NOT NULL,
  `descripcion` varchar(200) DEFAULT NULL,
  PRIMARY KEY (`id`),
  UNIQUE KEY `nombre` (`nombre`),
  KEY `ix_perfiles_id` (`id`)
) ENGINE=InnoDB AUTO_INCREMENT=4 DEFAULT CHARSET=utf8mb4 COLLATE=utf8mb4_0900_ai_ci;
/*!40101 SET character_set_client = @saved_cs_client */;

--
-- Dumping data for table `perfiles`
--

LOCK TABLES `perfiles` WRITE;
/*!40000 ALTER TABLE `perfiles` DISABLE KEYS */;
INSERT INTO `perfiles` VALUES (1,'admin','Administrador del sistema'),(2,'jefe','Jefe de producci├│n'),(3,'operario','Operario de planta');
/*!40000 ALTER TABLE `perfiles` ENABLE KEYS */;
UNLOCK TABLES;

--
-- Table structure for table `produccion_extrusora`
--

DROP TABLE IF EXISTS `produccion_extrusora`;
/*!40101 SET @saved_cs_client     = @@character_set_client */;
/*!50503 SET character_set_client = utf8mb4 */;
CREATE TABLE `produccion_extrusora` (
  `id` int NOT NULL AUTO_INCREMENT,
  `op_id` int NOT NULL,
  `fecha` date NOT NULL,
  `turno` enum('dia','noche') NOT NULL,
  `maquina_id` int NOT NULL,
  `lote` varchar(100) NOT NULL,
  `usuario_id` int NOT NULL,
  PRIMARY KEY (`id`),
  KEY `op_id` (`op_id`),
  KEY `ix_produccion_extrusora_id` (`id`),
  KEY `fk_prod_maquina` (`maquina_id`),
  KEY `fk_prod_usuario` (`usuario_id`),
  CONSTRAINT `fk_prod_maquina` FOREIGN KEY (`maquina_id`) REFERENCES `maquinas` (`id`),
  CONSTRAINT `fk_prod_usuario` FOREIGN KEY (`usuario_id`) REFERENCES `usuarios` (`id`),
  CONSTRAINT `produccion_extrusora_ibfk_1` FOREIGN KEY (`op_id`) REFERENCES `ordenes_produccion` (`id`)
) ENGINE=InnoDB AUTO_INCREMENT=9 DEFAULT CHARSET=utf8mb4 COLLATE=utf8mb4_0900_ai_ci;
/*!40101 SET character_set_client = @saved_cs_client */;

--
-- Dumping data for table `produccion_extrusora`
--

LOCK TABLES `produccion_extrusora` WRITE;
/*!40000 ALTER TABLE `produccion_extrusora` DISABLE KEYS */;
INSERT INTO `produccion_extrusora` VALUES (4,2,'2026-02-25','noche',1,'L-000',1),(5,2,'2026-03-03','noche',2,'L-000',2),(6,2,'2026-03-04','dia',1,'L-000',1),(7,4,'2026-03-10','dia',1,'900',5),(8,4,'2026-03-10','noche',1,'900',5);
/*!40000 ALTER TABLE `produccion_extrusora` ENABLE KEYS */;
UNLOCK TABLES;

--
-- Table structure for table `produccion_selladora`
--

DROP TABLE IF EXISTS `produccion_selladora`;
/*!40101 SET @saved_cs_client     = @@character_set_client */;
/*!50503 SET character_set_client = utf8mb4 */;
CREATE TABLE `produccion_selladora` (
  `id` int NOT NULL AUTO_INCREMENT,
  `op_id` int NOT NULL,
  `maquina_id` int NOT NULL,
  `turno` varchar(10) NOT NULL,
  `fecha` date NOT NULL,
  PRIMARY KEY (`id`),
  KEY `maquina_id` (`maquina_id`),
  KEY `op_id` (`op_id`),
  KEY `ix_produccion_selladora_id` (`id`),
  CONSTRAINT `produccion_selladora_ibfk_1` FOREIGN KEY (`maquina_id`) REFERENCES `maquinas` (`id`),
  CONSTRAINT `produccion_selladora_ibfk_2` FOREIGN KEY (`op_id`) REFERENCES `op_selladora` (`id`)
) ENGINE=InnoDB AUTO_INCREMENT=3 DEFAULT CHARSET=utf8mb4 COLLATE=utf8mb4_0900_ai_ci;
/*!40101 SET character_set_client = @saved_cs_client */;

--
-- Dumping data for table `produccion_selladora`
--

LOCK TABLES `produccion_selladora` WRITE;
/*!40000 ALTER TABLE `produccion_selladora` DISABLE KEYS */;
INSERT INTO `produccion_selladora` VALUES (1,1,4,'noche','2026-03-19'),(2,2,5,'noche','2026-03-19');
/*!40000 ALTER TABLE `produccion_selladora` ENABLE KEYS */;
UNLOCK TABLES;

--
-- Table structure for table `produccion_selladora_detalle`
--

DROP TABLE IF EXISTS `produccion_selladora_detalle`;
/*!40101 SET @saved_cs_client     = @@character_set_client */;
/*!50503 SET character_set_client = utf8mb4 */;
CREATE TABLE `produccion_selladora_detalle` (
  `id` int NOT NULL AUTO_INCREMENT,
  `produccion_selladora_id` int NOT NULL,
  `detalle_extrusora_id` int NOT NULL,
  `q_paquetes` int NOT NULL,
  `q_unidades_por_paquete` int NOT NULL,
  `unidades` int NOT NULL,
  `kilos` float NOT NULL,
  `created_at` datetime DEFAULT CURRENT_TIMESTAMP,
  PRIMARY KEY (`id`),
  UNIQUE KEY `detalle_extrusora_id` (`detalle_extrusora_id`),
  KEY `produccion_selladora_id` (`produccion_selladora_id`),
  KEY `ix_produccion_selladora_detalle_id` (`id`),
  CONSTRAINT `produccion_selladora_detalle_ibfk_1` FOREIGN KEY (`detalle_extrusora_id`) REFERENCES `detalle_produccion_extrusora` (`id`),
  CONSTRAINT `produccion_selladora_detalle_ibfk_2` FOREIGN KEY (`produccion_selladora_id`) REFERENCES `produccion_selladora` (`id`)
) ENGINE=InnoDB AUTO_INCREMENT=5 DEFAULT CHARSET=utf8mb4 COLLATE=utf8mb4_0900_ai_ci;
/*!40101 SET character_set_client = @saved_cs_client */;

--
-- Dumping data for table `produccion_selladora_detalle`
--

LOCK TABLES `produccion_selladora_detalle` WRITE;
/*!40000 ALTER TABLE `produccion_selladora_detalle` DISABLE KEYS */;
INSERT INTO `produccion_selladora_detalle` VALUES (1,1,22,10,100,1000,100,'2026-03-19 15:50:08'),(2,1,23,10,100,1000,100,'2026-03-19 15:57:12'),(3,2,20,10,100,1000,60,'2026-03-19 16:07:30'),(4,1,15,10,100,1000,50,'2026-03-19 16:08:01');
/*!40000 ALTER TABLE `produccion_selladora_detalle` ENABLE KEYS */;
UNLOCK TABLES;

--
-- Table structure for table `productos`
--

DROP TABLE IF EXISTS `productos`;
/*!40101 SET @saved_cs_client     = @@character_set_client */;
/*!50503 SET character_set_client = utf8mb4 */;
CREATE TABLE `productos` (
  `id` int NOT NULL AUTO_INCREMENT,
  `codigo` varchar(150) NOT NULL,
  `nombre` varchar(150) NOT NULL,
  `activo` tinyint(1) DEFAULT NULL,
  `tipo_maquina_id` int NOT NULL,
  `tipo_producto_id` int NOT NULL,
  `u_medida_id` int NOT NULL,
  PRIMARY KEY (`id`),
  KEY `tipo_maquina_id` (`tipo_maquina_id`),
  KEY `tipo_producto_id` (`tipo_producto_id`),
  KEY `u_medida_id` (`u_medida_id`),
  KEY `ix_productos_id` (`id`),
  CONSTRAINT `productos_ibfk_1` FOREIGN KEY (`tipo_maquina_id`) REFERENCES `tipo_maquinas` (`id`),
  CONSTRAINT `productos_ibfk_2` FOREIGN KEY (`tipo_producto_id`) REFERENCES `tipo_productos` (`id`),
  CONSTRAINT `productos_ibfk_3` FOREIGN KEY (`u_medida_id`) REFERENCES `u_medidas` (`id`)
) ENGINE=InnoDB AUTO_INCREMENT=555 DEFAULT CHARSET=utf8mb4 COLLATE=utf8mb4_0900_ai_ci;
/*!40101 SET character_set_client = @saved_cs_client */;

--
-- Dumping data for table `productos`
--

LOCK TABLES `productos` WRITE;
/*!40000 ALTER TABLE `productos` DISABLE KEYS */;
INSERT INTO `productos` VALUES (1,'RLL','Rollo',1,1,1,1),(2,'MNG','Manga',1,1,3,1),(3,'FND','Funda',1,1,2,1),(4,'LMN','Lamina',1,1,3,1),(5,'PCH','Pevhera',1,2,2,2),(6,'PLA00001','UNID PECHERAS PLASTICAS BLANCAS',1,2,2,2),(7,'PLA00002','UNID PECHERAS PLASTICAS AMARILLAS',1,2,2,2),(8,'PLA00003','PQTE BOLSAS BASURA 50X70 (10 UNID)',1,2,2,2),(9,'PLA00004','PQTE BOLSAS BASURA 80X110 (10 UNID)',1,2,2,2),(10,'PLA00005','UNID BOLSAS BASURA 110X120 NEGRA',1,2,2,2),(11,'PLA00006','PQTE BOLSAS BASURA 70X90 (10 UNID)',1,2,2,2),(12,'PLA00007','UNID LAMINA AD TTE  60X120X15',1,2,2,2),(13,'PLA00008','UNID BOLSA S/V 30X70 S/IMP',1,2,2,2),(14,'PLA00009','UNID BOLSA BURBUJA 50X50',1,2,2,2),(15,'PLA00010','UNID BOLSA S/V 20X30 S/IMP',1,2,2,2),(16,'PLA00011','RO ETIQUETAS PP 100X150 (800 UNID)',1,2,2,2),(17,'PLA00012','UNID PECHERAS PLASTICAS AZUL',1,2,2,2),(18,'PLA00013','UNID PECHERAS PLASTICAS VERDE',1,2,2,2),(19,'PLA00014','UNID PECHERAS PLASTICAS NARANJA',1,2,2,2),(20,'PLA00015','UNID PECHERAS PLASTICAS GRIS',1,2,2,2),(21,'PLA00016','UNID PECHERAS PLASTICAS ROJO',1,2,2,2),(22,'PLA00017','UNID BOLSAS BASURA 110X120 TTE',1,2,2,2),(23,'PLA00018','UNID BOLSAS BASURA 120X150 TTE',1,2,2,2),(24,'PLA00019','UNID BOLSAS BASURA 120X150 NEGRA',1,2,2,2),(25,'PLA00020','UNID BOLSA BURBUJA 35X35',1,2,2,2),(26,'PLA00021','UNID BOLSA S/V 15X24 S/ IMP',1,2,2,2),(27,'PLA00022','UNID BOLSA S/V 17X24 S/ IMP',1,2,2,2),(28,'PLA00023','UNID BOLSA S/V 19X25 S/ IMP',1,2,2,2),(29,'PLA00024','UNID BOLSA S/V 20X35 S/ IMP',1,2,2,2),(30,'PLA00025','UNID BOLSA S/V 22X42 S/ IMP',1,2,2,2),(31,'PLA00026','UNID BOLSA S/V 20X50 S/ IMP',1,2,2,2),(32,'PLA00027','UNID BOLSA S/V 22X50 S/ IMP',1,2,2,2),(33,'PLA00028','UNID BOLSA S/V 22X60 S/ IMP',1,2,2,2),(34,'PLA00029','UNID BOLSA S/V 25X55 S/ IMP',1,2,2,2),(35,'PLA00030','UNID BOLSA S/V 25X60 S/ IMP',1,2,2,2),(36,'PLA00031','UNID BOLSA S/V 25X65 S/ IMP',1,2,2,2),(37,'PLA00032','UNID BOLSA S/V 30X80 S/ IMP',1,2,2,2),(38,'PLA00033','UNID FUNDA DE BINS TTE 250X220X40',1,2,2,2),(39,'PLA00034','UNID LAMINA BD AZUL  75X60X30',1,2,2,2),(40,'PLA00035','UNID FUNDA DE BINS TTE 240X240X90',1,2,2,2),(41,'PLA00036','RO ETIQUETAS PP 12X32 (30000 UNID)',1,2,2,2),(42,'PLA00037','RO ETIQUETAS PP 22X32 (15000 UNID)',1,2,2,2),(43,'PLA00038','RO ETIQUETAS PP 30X50 (9000 UNID)',1,2,2,2),(44,'PLA00039','RO ETIQUETAS PP 50X50 ( UNID)',1,2,2,2),(45,'PLA00040','RO ETIQUETAS PP 50X100 ( UNID)',1,2,2,2),(46,'PLA00041','RO ETIQUETAS PP 70X100 (2000 UNID)',1,2,2,2),(47,'PLA00042','RO ETIQUETAS PP 90X100 (1670 UNID)',1,2,2,2),(48,'PLA00043','RO ETIQUETAS PP 100X100 (1500 UNID)',1,2,2,2),(49,'PLA00044','RO ETIQUETAS PP 100X200 (600 UNID)',1,2,2,2),(50,'PLA00045','UNID RECUPERADO BLANCO',1,2,2,2),(51,'PLA00046','UNID  BOLSA BD TTE 15X30X30',1,2,2,2),(52,'PLA00047','UNID FUNDA BD AZUL 90X60X30',1,2,2,2),(53,'PLA00048','KG MANGA BD TTE┬á34,5X00X110┬á',1,2,2,2),(54,'PLA00049','UNID LAMINA AD AZUL 57X100X15',1,2,2,2),(55,'PLA00050','UNID LAMINA AD AZUL 50X95X15',1,2,2,2),(56,'PLA00051','KG BOLSA BD TTE 50X70 100',1,2,2,2),(57,'PLA00052','UNID BOLSA S/V 17X58X100',1,2,2,2),(58,'PLA00053','UNID LAMINA BD AZUL 135X90X80',1,2,2,2),(59,'PLA00054','UNID LAMINA AD TTE 50X95X15',1,2,2,2),(60,'PLA00055','UNID LAMINA AD AZUL 80X120X15',1,2,2,2),(61,'PLA00056','UNID LAMINA BD AZUL 80X40X80',1,2,2,2),(62,'PLA00057','UNID LAMINA BD AZUL 120X60X80',1,2,2,2),(63,'PLA00058','KG BOLSA BD TTE 40X60X100',1,2,2,2),(64,'PLA00059','UNID ETIQUETA PLASTICA T-L BLANCA',1,2,2,2),(65,'PLA00060','UNID ETIQUETA PLASTICA T-L AMARILLA',1,2,2,2),(66,'PLA00061','UNID ETIQUETA PLASTICA T-L ROJO',1,2,2,2),(67,'PLA00062','UNID ETIQUETA PLASTICA T-L NARANJO',1,2,2,2),(68,'PLA00063','UNID ETIQUETA PLASTICA T-L AZUL',1,2,2,2),(69,'PLA00064','UNID ETIQUETA PLASTICA T-L VERDE',1,2,2,2),(70,'PLA00065','UNID ETIQUETA PLASTICA T-L GRIS',1,2,2,2),(71,'PLA00066','UNID FOLIOS PLASTICOS BCOS 11X17',1,2,2,2),(72,'PLA00067','UNID FOLIOS PLASTICOS BCOS 13X18',1,2,2,2),(73,'PLA00068','UNID BOLSA BURBUJA 40X40',1,2,2,2),(74,'PLA00069','UNID BOLSA BURBUJA 50X40',1,2,2,2),(75,'PLA00070','KG BOLSA BD TTE 50X70X100',1,2,2,2),(76,'PLA00071','KG BOLSA AD PP TTE 15X15X20',1,2,2,2),(77,'PLA00072','KG BOLSA AD PP TTE 20X35X20',1,2,2,2),(78,'PLA00073','KG BOLSA AD PP TTE 40X60X20',1,2,2,2),(79,'PLA00074','KG BOLSA AD PP TTE 50X70X20',1,2,2,2),(80,'PLA00075','KG BOLSA AD PP 40X60X22',1,2,2,2),(81,'PLA00076','UNID BOLSA BASURA TTE 110X120X50',1,2,2,2),(82,'PLA00077','UNID BOLSA BD TTE 61X90X70',1,2,2,2),(83,'PLA00078','UNID BOLSA AD TTE 24X70X20',1,2,2,2),(84,'PLA00079','UNID BOLSA AD TTE 30X70X20',1,2,2,2),(85,'PLA00080','UNID BOLSA AD TTE 30X100X20',1,2,2,2),(86,'PLA00081','UNID BOLSA BD TTE 15X30X80',1,2,2,2),(87,'PLA00082','UNID BOLSA BD TTE 20X35X80',1,2,2,2),(88,'PLA00083','UNID BOLSA BD TTE 20X40X80',1,2,2,2),(89,'PLA00084','UNID BOLSA BD TTE 40X40X80',1,2,2,2),(90,'PLA00085','UNID BOLSA BD TTE 40X50X80',1,2,2,2),(91,'PLA00086','UNID BOLSA BD TTE 40X60X80',1,2,2,2),(92,'PLA00087','UNID BOLSA BD TTE 30X40X30',1,2,2,2),(93,'PLA00088','UNID BOLSA BD TTE 30X70X30',1,2,2,2),(94,'PLA00089','UNID BOLSA BD TTE 30X100X30',1,2,2,2),(95,'PLA00090','UNID BOLSA BD TTE 35X100X30',1,2,2,2),(96,'PLA00091','UNID BOLSA BD AZUL 60X60X80',1,2,2,2),(97,'PLA00092','UNID LAMINA AD TTE 100X130X20',1,2,2,2),(98,'PLA00093','UNID LAMINA AD AZUL 45X75X15',1,2,2,2),(99,'PLA00094','UNID LAMINA AD AZUL 50X90X15',1,2,2,2),(100,'PLA00095','UNID LAMINA AD AZUL 50X120X15',1,2,2,2),(101,'PLA00096','UNID LAMINA AD AZUL 67X90X15',1,2,2,2),(102,'PLA00097','UNID LAMINA AD AZUL 67X120X15',1,2,2,2),(103,'PLA00098','UNID LAMINA AD AZUL 120X120X15',1,2,2,2),(104,'PLA00099','UNID LAMINA BD AZUL 72X47X90',1,2,2,2),(105,'PLA00100','UNID LAMINA BD ROJA PET 50X73X40',1,2,2,2),(106,'PLA00101','UNID LAMINA BD VERDE 57X37X90',1,2,2,2),(107,'PLA00102','UNID BOLSA BD AZUL 50X91X80',1,2,2,2),(108,'PLA00103','UNID FUNDA  AD TTE 90X70X20',1,2,2,2),(109,'PLA00104','UNID FUNDA AD TTE 135X70X20',1,2,2,2),(110,'PLA00105','UNID FUNDA AD AZUL 85X65X20',1,2,2,2),(111,'PLA00106','UNID FUNDA AD AZUL 135X70X20',1,2,2,2),(112,'PLA00107','UNID FUNDA BD TTE 50X60X30',1,2,2,2),(113,'PLA00108','UNID FUNDA BD TTE 75X90X30',1,2,2,2),(114,'PLA00109','UNID FUNDA BD TTE 75X140X30',1,2,2,2),(115,'PLA00110','UNID LAMINA PE 300X500X1 ',1,2,2,2),(116,'PLA00111','UNID FUNDA BD AZUL 80X70X100',1,2,2,2),(117,'PLA00112','KGMANGA NEGRA 200X00X200',1,2,2,2),(118,'PLA00113','KG BOLSA AD PP TTE 30X70X15',1,2,2,2),(119,'PLA00114','KG MANGA BD TTE 40X00X80',1,2,2,2),(120,'PLA00115','UNID BOLSA BD TTE 30X50X30',1,2,2,2),(121,'PLA00116','UNID LAMINA AD AZUL 50X60X15',1,2,2,2),(122,'PLA00117','UNID PECHERA PLASTICA CON BROCHE',1,2,2,2),(123,'PLA00118','UNID LAMINA BD AZUL 67X120X20',1,2,2,2),(124,'PLA00119','UNID LAMINA BD AZUL 60X40X20',1,2,2,2),(125,'PLA00120','UNID FUNDA DE BINS TTE 240X220X90',1,2,2,2),(126,'PLA00121','UNID BOLSA BD TTE 30X85X30',1,2,2,2),(127,'PLA00122','UNID LAMINA BD 70X90X20',1,2,2,2),(128,'PLA00123','UNID FUNDA BD AZUL 85X65X40',1,2,2,2),(129,'PLA00124','KG MANGA BD TTE 20X00X85',1,2,2,2),(130,'PLA00125','UNID LAMINA AD AZUL 120X150X15',1,2,2,2),(131,'PLA00126','UNID ETIQUETA PLASTICA COLORES',1,2,2,2),(132,'PLA00127','UNID LAMINA AD AZUL 110X130X15',1,2,2,2),(133,'PLA00128','UNID BOLSA BD TTE 40X45X80',1,2,2,2),(134,'PLA00129','UNID BOLSA BD TTE 20X40X30',1,2,2,2),(135,'PLA00130','UNID BOLSA BD TTE 20X60X30',1,2,2,2),(136,'PLA00131','UNID LAMINA BD TTE 140X160X25',1,2,2,2),(137,'PLA00132','UNID BOLSA BD TTE 20X30X80',1,2,2,2),(138,'PLA00133','UNID BOLSA BD TTE 25X50X30',1,2,2,2),(139,'PLA00134','UNID BOLSA BD TTE 40X60X30',1,2,2,2),(140,'PLA00135','UNID BOLSA BD TTE 15X25X80',1,2,2,2),(141,'PLA00136','UNID BOLSA BD TTE 20X70X80',1,2,2,2),(142,'PLA00137','UNID BOLSA BD TTE 40X120X30',1,2,2,2),(143,'PLA00138','UNID LAMINA BD AZUL 80X120X20',1,2,2,2),(144,'PLA00139','UNID BOLSA BD TTE 64X96X70',1,2,2,2),(145,'PLA00140','UNID BOLSA BD TTE 30X30X30',1,2,2,2),(146,'PLA00141','UNID BOLSA BD TTE 40X40X80',1,2,2,2),(147,'PLA00142','UNID BOLSA AD TTE 24X50X15',1,2,2,2),(148,'PLA00143','UNID BOLSA AD TTE 24X60X20',1,2,2,2),(149,'PLA00144','UNID BOLSA BD TTE 30X100X36',1,2,2,2),(150,'PLA00145','UNID LAMINA AD AZUL 60X60X15',1,2,2,2),(151,'PLA00146','UNID LAMINA AD AZUL 80X150X25',1,2,2,2),(152,'PLA00147','UNID PECHERAS PLASTICAS COLORES',1,2,2,2),(153,'PLA00148','UNID LAMINA AD AZUL 70X70X20',1,2,2,2),(154,'PLA00149','UNID LAMINA BD AZUL 39X60X80',1,2,2,2),(155,'PLA00150','KG BOLSA BD TTE 15X30X80',1,2,2,2),(156,'PLA00151','UNID ETIQUETA PLASTICA T-L  MORADA',1,2,2,2),(157,'PLA00152','UNID BOLSA BD TTE  15X25X40',1,2,2,2),(158,'PLA00153','UNID LAMINA BD TTE 70X130X25',1,2,2,2),(159,'PLA00155','KG FUNDA BD TTE 95X70X30',1,2,2,2),(160,'PLA00156','UNID BOLSA BD TTE 62X90X75',1,2,2,2),(161,'PLA00157','UNID BOLSA BD TTE 65X75X75',1,2,2,2),(162,'PLA00158','UNID LAMINA PE 350X280X1 ',1,2,2,2),(163,'PLA00159','UNID BOLSA BD AZUL 60X70X80',1,2,2,2),(164,'PLA00160','UNID BOLSA S/V 30X40 S/ IMP',1,2,2,2),(165,'PLA00161','UNID LAMINA AD AZUL 50X75X15',1,2,2,2),(166,'PLA00162','UNID BOLSA BD TTE 50X70X90',1,2,2,2),(167,'PLA00163','UNID BOLSA BD TTE 50X110X70',1,2,2,2),(168,'PLA00164','UNID FUNDA BD TTE 60X80X70',1,2,2,2),(169,'PLA00165','UNID FUNDA BD TTE 75X120X30',1,2,2,2),(170,'PLA00166','UNID BOLSA BD TTE 60X80X80',1,2,2,2),(171,'PLA00167','UNID BOLSA BD TTE 30X65X25',1,2,2,2),(172,'PLA00168','UNID BOLSA BD TTE 65X90X80',1,2,2,2),(173,'PLA00169','UNID BOLSA BD TTE 62X90X80',1,2,2,2),(174,'PLA00170','UNID BOLSA AD TTE 30X80X20',1,2,2,2),(175,'PLA00171','UNID BOLSA AD TTE 25X100X15',1,2,2,2),(176,'PLA00172','UNID BOLSA BD TTE 65X85X80',1,2,2,2),(177,'PLA00173','UNID BOLSA BD TTE 60X90X80',1,2,2,2),(178,'PLA00174','KG LDPE SEGUNDA',1,2,2,2),(179,'PLA00175','KG LDPE  ',1,2,2,2),(180,'PLA00176','UNID BOLSA BD TTE 30X40X80',1,2,2,2),(181,'PLA00177','KG BOLSA AD PP TTE 60X90X20',1,2,2,2),(182,'PLA00178','UNID BOLSA BD TTE 15X28X80',1,2,2,2),(183,'PLA00179','UNID FUNDA BD TTE 65X90X80',1,2,2,2),(184,'PLA00180','UNID BOLSA BD AZUL 40X60X60',1,2,2,2),(185,'PLA00181','UNID BOLSA BD TTE 40X60X60',1,2,2,2),(186,'PLA00182','UNID BOLSA BD AZUL 50X70X60',1,2,2,2),(187,'PLA00183','UNID BOLSA BD TTE 20X25X80',1,2,2,2),(188,'PLA00184','KG BOLSA AD PP TTE 20X30X20',1,2,2,2),(189,'PLA00185','KG BOLSA AD PP TTE 50X60X20',1,2,2,2),(190,'PLA00186','KG BOLSA AD PP TTE 40X50X20',1,2,2,2),(191,'PLA00187','UNID BOLSA BD TTE 80X100X60',1,2,2,2),(192,'PLA00188','UNID BOLSA BD TTE 60X85X80',1,2,2,2),(193,'PLA00189','KG LAMINA AD PP TTE 40X60X20',1,2,2,2),(194,'PLA00190','UNID BOLSA BD TTE 72X91X80',1,2,2,2),(195,'PLA00191','UNID BOLSA BD TTE 72X91X80 PERF',1,2,2,2),(196,'PLA00192','UNID BOLSA BD TTE 30X120X30',1,2,2,2),(197,'PLA00193','UNID FUNDA BD AZUL 85X80X40',1,2,2,2),(198,'PLA00194','UNID BOLSA BD TTE 72X68X80',1,2,2,2),(199,'PLA00195','UNID FUNDA AD TTE 90X120X20',1,2,2,2),(200,'PLA00196','UNID FUNDA BD TTE 77X130X30',1,2,2,2),(201,'PLA00197','UNID LAMINA AD TTE 80X120X15',1,2,2,2),(202,'PLA00198','UNID FUNDA BD TTE 50X100X60',1,2,2,2),(203,'PLA00199','UNID LAMINA BD TTE 170X170X20',1,2,2,2),(204,'PLA00200','UNID BOLSA AD TTE 20X60X20',1,2,2,2),(205,'PLA00201','UNID BOLSA BD TTE 50X80X200',1,2,2,2),(206,'PLA00202','UNID BOLSA BD BCO 48X60X120',1,2,2,2),(207,'PLA00203','UNID BOLSA BD AZUL 40X80X20',1,2,2,2),(208,'PLA00204','UNID LAMINA BD AZUL 50X90X50',1,2,2,2),(209,'PLA00205','KG FOLIO BD TTE 50X00X100',1,2,2,2),(210,'PLA00206','UNID LAMINA BD AZUL 50X90X30',1,2,2,2),(211,'PLA00207','UNID BOLSA BD TTE 50X70X30',1,2,2,2),(212,'PLA00208','UNID BOLSA BD TTE 40X70X20',1,2,2,2),(213,'PLA00209','UNID BOLSA BD NEGRA 40X50X90',1,2,2,2),(214,'PLA00210','UNID FUNDA AD AZUL 55X85X15',1,2,2,2),(215,'PLA00211','UNID LAMINA AD AZUL 75X120X15',1,2,2,2),(216,'PLA00212','UNID LAMINA BD TTE 140X140X20',1,2,2,2),(217,'PLA00213','UNID FUNDA BD TTE 75X100X60',1,2,2,2),(218,'PLA00214','UNID BOLSA BD TTE 45X70X110',1,2,2,2),(219,'PLA00215','UNID BOLSA BD TTE 20X31X30',1,2,2,2),(220,'PLA00216','UNID BOLSA BD TTE 80X135X60',1,2,2,2),(221,'PLA00217','KG MANGA BD NEGRA 30X00X45 ',1,2,2,2),(222,'PLA00218','KG MANGA BD NEGRA 35X00X45 ',1,2,2,2),(223,'PLA00219','KG MANGA BD TTE 300X70 MY',1,2,2,2),(224,'PLA00220','KG MANGA BD TTE 400X70 MY',1,2,2,2),(225,'PLA00221','KG MANGA BD TTE 600X70 MY',1,2,2,2),(226,'PLA00222','UNID BOLSA BD TTE 50X60X60',1,2,2,2),(227,'PLA00223','KG MANGA BD NEGRA 20X00X80',1,2,2,2),(228,'PLA00224','UNID PECHERAS PLASTICAS CELESTE',1,2,2,2),(229,'PLA00225','UNID LAMINA AD AZUL 70X100X15',1,2,2,2),(230,'PLA00226','ROLLO LAMINA BURBUJA ',1,2,2,2),(231,'PLA00227','UNID BOLSA BD TTE 30X70X25',1,2,2,2),(232,'PLA00228','FUNDA BD TTE 71X100X25',1,2,2,2),(233,'PLA00229','UNID LAMINA AD AZUL 70X120X15',1,2,2,2),(234,'PLA00230','KG BOLSA AD PP TTE 30X40X20',1,2,2,2),(235,'PLA00231','KG MANGA BD AZUL 60X00X50',1,2,2,2),(236,'PLA00232','UNID BOLSA BD TTE 40X50X60',1,2,2,2),(237,'PLA00233','UNID LAMINA BD TTE 150X150X30',1,2,2,2),(238,'PLA00234','UNID BOLSA BD TTE 30X60X30',1,2,2,2),(239,'PLA00235','FUNDA BD TTE 135X70X30',1,2,2,2),(240,'PLA00236','UNID ETIQ MEDIO CORTE 150X100',1,2,2,2),(241,'PLA00237','UNID BOLSA BD TTE 100X120X120',1,2,2,2),(242,'PLA00238','UNID BOLSA BD TTE 22X35X90',1,2,2,2),(243,'PLA00239','UNID BOLSA BD BCO 26X61X20',1,2,2,2),(244,'PLA00240','UNID BOLSA BD TTE 60X100X80',1,2,2,2),(245,'PLA00241','KG MANGA BD TTE 59X00X65 ',1,2,2,2),(246,'PLA00242','UNID FOLIOS PLASTICOS BCOS 5,5X17',1,2,2,2),(247,'PLA00243','UNID BOLSA BD TTE 100X125X150',1,2,2,2),(248,'PLA00244','KG MANGA BD TTE 35X00X60 ',1,2,2,2),(249,'PLA00245','KG MANGA BD TTE 15X00X110',1,2,2,2),(250,'PLA00246','UNID BOLSA BD TTE 30X40X70',1,2,2,2),(251,'PLA00247','UNID LAMINA AD AZUL 60X65X15',1,2,2,2),(252,'PLA00248','UNID BOLSA BD TTE 72X80X80',1,2,2,2),(253,'PLA00249','KG MANGA BD TTE 65X00X65 ',1,2,2,2),(254,'PLA00250','KG MANGA BD TTE 18X00X70',1,2,2,2),(255,'PLA00251','KG MANGA BD TTE 62X00X70',1,2,2,2),(256,'PLA00252','KG MANGA BD TTE 40X00X70',1,2,2,2),(257,'PLA00253','KG MANGA BD TTE 40X00X90',1,2,2,2),(258,'PLA00254','KG MANGA BD TTE 40X00X55',1,2,2,2),(259,'PLA00255','UNID LAMINA BD AZUL 60X60X80',1,2,2,2),(260,'PLA00256','KG FOLIO BD 70X00X40',1,2,2,2),(261,'PLA00257','UNID LAMINA AD AZUL 35X60X15',1,2,2,2),(262,'PLA00258','UNID BOLSA BD TTE 22X50X80',1,2,2,2),(263,'PLA00259','UNID FUNDA AD AZUL 75X85X15',1,2,2,2),(264,'PLA00260','KG MANGA BD TTE 62X00X40',1,2,2,2),(265,'PLA00261','UNID BOLSA AD TTE 30X120X20',1,2,2,2),(266,'PLA00262','UNID BOLSA BD TTE 58X90X80',1,2,2,2),(267,'PLA00263','KG MANGA BD BCO 80X00X20',1,2,2,2),(268,'PLA00264','KG MANGA BD AZUL 50X00X60',1,2,2,2),(269,'PLA00265','KG MANGA BD TTE 60X00X75',1,2,2,2),(270,'PLA00266','UNID FUNDA AD TTE 64X130X20',1,2,2,2),(271,'PLA00267','UNID BOLSA AD TTE 30X85X20',1,2,2,2),(272,'PLA00268','KG MANGA BD NEGRA 30X00X80 ',1,2,2,2),(273,'PLA00269','UNID BOLSA AD TTE 30X110X20',1,2,2,2),(274,'PLA00270','UNID FUNDA AD AZUL 68X60X20',1,2,2,2),(275,'PLA00271','KG MANGA BD TTE 52X00X65 ',1,2,2,2),(276,'PLA00272','KG PE BD EF 2126',1,2,2,2),(277,'PLA00273','KG PE BD EF 2126 53',1,2,2,2),(278,'PLA00274','KG MANGA BD TTE 20X00X70',1,2,2,2),(279,'PLA00275','KG BOLSA AD PP TTE 24X60X20',1,2,2,2),(280,'PLA00276','KG MANGA BD TTE 48X00X80',1,2,2,2),(281,'PLA00277','KG MANGA BD TTE 42X00X80',1,2,2,2),(282,'PLA00278','KG MANGA BD TTE 20X00X50',1,2,2,2),(283,'PLA00279','KG MANGA FUNDA BD TTE 70X00X40',1,2,2,2),(284,'PLA00280','KG MANGA BD TTE 70X00X40',1,2,2,2),(285,'PLA00281','UNID FUNDA BD TTE 75X130X30',1,2,2,2),(286,'PLA00282','UNID LAMINA BURBUJA 20X40',1,2,2,2),(287,'PLA00283','UNID FUNDA AD AZUL 68X75X20',1,2,2,2),(288,'PLA00284','KG MANGA BD TTE 50X00X25 ',1,2,2,2),(289,'PLA00285','KG MANGA BD ROJO 80X00X20',1,2,2,2),(290,'PLA00286','UNID BOLSA BD TTE 65X96X80',1,2,2,2),(291,'PLA00287','UNID FUNDA AD AZUL 90X70X20',1,2,2,2),(292,'PLA00288','UNID FUNDA BD AZUL 105X70X25',1,2,2,2),(293,'PLA00289','KG MANGA BD BCO 100X00X110 ',1,2,2,2),(294,'PLA00290','KG BOLSA AD PP TTE 24X40X20',1,2,2,2),(295,'PLA00291','UNID FUNDA BD AZUL 80X45X25',1,2,2,2),(296,'PLA00292','UNID BOLSA BD TTE 30X110X30',1,2,2,2),(297,'PLA00293','KG MANGA BD TTE 15X00X70',1,2,2,2),(298,'PLA00294','UNID BOLSA BD TTE 59X90X80',1,2,2,2),(299,'PLA00295','UNID BOLSA BD NEGRA  80X60',1,2,2,2),(300,'PLA00296','UNID LAMINA AD AZUL 90X120X15',1,2,2,2),(301,'PLA00297','KG MANGA BD TTE 70X00X65 ',1,2,2,2),(302,'PLA00298','KG MANGA BD TTE 60X00X25',1,2,2,2),(303,'PLA00299','KG MANGA BD TTE 65X00X25 ',1,2,2,2),(304,'PLA00300','UNID BOLSA BD NEGRA 30X60X70',1,2,2,2),(305,'PLA00301','UNID BOLSA BASURA 80X120X30 ROJA',1,2,2,2),(306,'PLA00302','KG MANGA BD TTE 60X00X70',1,2,2,2),(307,'PLA00303','KG MANGA BD TTE 25X00X80',1,2,2,2),(308,'PLA00304','KG BOLSA BD TTE 20X30X100',1,2,2,2),(309,'PLA00305','UNID BOLSA AD TTE 18X65X20',1,2,2,2),(310,'PLA00306','KG BOLSA AD PP TTE 15X22X15',1,2,2,2),(311,'PLA00307','KG BOLSA BD TTE 50X80X50',1,2,2,2),(312,'PLA00308','UNID LAMINA BD TTE 120X120X20',1,2,2,2),(313,'PLA00309','UNID LAMINA BD TTE 90X90X20',1,2,2,2),(314,'PLA00310','UNID BOLSA BD TTE 15X33X30',1,2,2,2),(315,'PLA00311','UNID FUNDA AD AZUL 68X52X15',1,2,2,2),(316,'PLA00312','KG MANGA BD TTE 50X80X50 ',1,2,2,2),(317,'PLA00313','UNID LAMINA PE 800X400X1',1,2,2,2),(318,'PLA00314','UNID LAMINA PE 370X210X1 ',1,2,2,2),(319,'PLA00315','KG LAMINA BD TTE 140X00X15',1,2,2,2),(320,'PLA00316','KG MANGA BD TTE 80X00X75',1,2,2,2),(321,'PLA00317','UNID LAMINA BD TTE 44X58X30',1,2,2,2),(322,'PLA00318','UNID FUNDA BD TTE 75X100X80',1,2,2,2),(323,'PLA00319','UNID LAMINA PE 500X700X1',1,2,2,2),(324,'PLA00320','UNID BOLSA BD TTE 25X25X30',1,2,2,2),(325,'PLA00321','KG MANGA BD TTE 35X00X40 ',1,2,2,2),(326,'PLA00322','KG BOLSA BD TTE 30X40X80',1,2,2,2),(327,'PLA00323','KG MANGA BD TTE 30X00X100',1,2,2,2),(328,'PLA00324','KG MANGA BD TTE 70X00X80',1,2,2,2),(329,'PLA00325','KG BOLSA BD TTE 20X35X80',1,2,2,2),(330,'PLA00326','KG MANGA BD TTE 70X00X25',1,2,2,2),(331,'PLA00327','KG MANGA BD TTE 30X00X30',1,2,2,2),(332,'PLA00328','UNID BOLSA S/V 30X35X90 S/ IMP',1,2,2,2),(333,'PLA00329','KG MANGA BD AMA 80X00X20',1,2,2,2),(334,'PLA00330','KG MANGA BD VERDE 80X00X20',1,2,2,2),(335,'PLA00331','UNID BOLSA BD TTE 30X40X50',1,2,2,2),(336,'PLA00332','UNID BOLSA BD TTE 25X35X70',1,2,2,2),(337,'PLA00333','KG BOLSA AD PP TTE 35X50X25',1,2,2,2),(338,'PLA00334','KG LAMINA AD PP TTE 50X60X20',1,2,2,2),(339,'PLA00335','UNID BOLSA BD AZUL 40X60X80',1,2,2,2),(340,'PLA00336','KG MANGA BD AZUL 80X00X20',1,2,2,2),(341,'PLA00337','UNID BOLSA BD TTE 75X140X60',1,2,2,2),(342,'PLA00338','UNID LAMINA AD AZUL 100X120X15',1,2,2,2),(343,'PLA00339','UNID BOLSA BURBUJA 30X30',1,2,2,2),(344,'PLA00340','KG MANGA BD TTE 68X00X75',1,2,2,2),(345,'PLA00341','KG BOLSA AD AZUL 70X90X20',1,2,2,2),(346,'PLA00342','UNID BOLSA BD TTE 66X80X80',1,2,2,2),(347,'PLA00343','KG MANGA BD 30X00X200',1,2,2,2),(348,'PLA00344','UNID BOLSA BD TTE 34X52X100',1,2,2,2),(349,'PLA00345','KG BOLSA AD PP TTE 15X30X80',1,2,2,2),(350,'PLA00346','UNID BOLSA BD TTE 66X95X80',1,2,2,2),(351,'PLA00347','KG MANGA BD TTE 30X00X70',1,2,2,2),(352,'PLA00348','KG MANGA BD BCO 25X00X100 ',1,2,2,2),(353,'PLA00349','UNID BOLSA BD TTE 58X80X80',1,2,2,2),(354,'PLA00350','UNID BOLSA BD TTE 40X50X40',1,2,2,2),(355,'PLA00351','UNID BOLSA AD TTE 22X50X15',1,2,2,2),(356,'PLA00352','KG MANGA BD TTE 40X00X25',1,2,2,2),(357,'PLA00353','KG MANGA BD TTE 62X00X65',1,2,2,2),(358,'PLA00354','KG MANGA BD TTE 70X00X90',1,2,2,2),(359,'PLA00355','UNID BOLSA AD TTE 22X60X15',1,2,2,2),(360,'PLA00356','UNID BOLSA BD TTE 24X70X30',1,2,2,2),(361,'PLA00357','UNID BOLSA BD TTE 30X45X30',1,2,2,2),(362,'PLA00358','KG MANGA BD TTE 80X00X25',1,2,2,2),(363,'PLA00359','UNID BOLSA BD TTE 30X50X80',1,2,2,2),(364,'PLA00360','KG LAMINA AD AZUL 120X00X15',1,2,2,2),(365,'PLA00361','UNID BOLSA BD TTE 40X65X50',1,2,2,2),(366,'PLA00362','UNID BOLSA BD TTE 66X96X80',1,2,2,2),(367,'PLA00363','KG MANGA BD TTE 58X00X65 ',1,2,2,2),(368,'PLA00364','UNID FUNDA BD 110X70X35',1,2,2,2),(369,'PLA00365','UNID LAMINA AD AZUL 60X100X15',1,2,2,2),(370,'PLA00366','UNID FOLIOS PLASTICOS BCOS 11X13',1,2,2,2),(371,'PLA00367','KG MANGA BD TTE 52X00X85 ',1,2,2,2),(372,'PLA00368','KG MANGA BD TTE 115X00X25',1,2,2,2),(373,'PLA00369','KG MANGA BD TTE 100X00X100',1,2,2,2),(374,'PLA00370','UNID BOLSA BD TTE 65X80X80',1,2,2,2),(375,'PLA00371','KG MANGA BD TTE 25X00X70',1,2,2,2),(376,'PLA00372','UNID BOLSA BD TTE 19X25X100',1,2,2,2),(377,'PLA00373','UNID FUNDA  AD  70X70X30',1,2,2,2),(378,'PLA00374','UNID LAMINA AD AZUL 120X140X15',1,2,2,2),(379,'PLA00375','UNID BOLSA BD TTE 40X75X40',1,2,2,2),(380,'PLA00376','KG MANGA AD BCO 50X00X20',1,2,2,2),(381,'PLA00377','UNID FUNDA AD ROJO 55X85X15',1,2,2,2),(382,'PLA00378','UNID FUNDA AD VERDE 55X85X15',1,2,2,2),(383,'PLA00379','UNID FUNDA AD BCO 55X85X15',1,2,2,2),(384,'PLA00380','UNID FUNDA AD AMA 55X85X15',1,2,2,2),(385,'PLA00381','KG MANGA BD TTE 52X00X50 ',1,2,2,2),(386,'PLA00382','UNID LAMINA AD VERDE 90X120X15',1,2,2,2),(387,'PLA00383','UNID BOLSA BD TTE 40X60X50',1,2,2,2),(388,'PLA00384','UNID LAMINA BD TTE 52X70X40',1,2,2,2),(389,'PLA00385','UNID BOLSA BD AZUL 20X35X80',1,2,2,2),(390,'PLA00386','UNID BOLSA AD TTE 108X60X20',1,2,2,2),(391,'PLA00387','UNID FUNDA BD AZUL 68X74X20',1,2,2,2),(392,'PLA00388','KG BOLSA BD TTE 20X40X30',1,2,2,2),(393,'PLA00389','UNID BOLSA S/V 20X50 DORADA',1,2,2,2),(394,'PLA00390','UNID LAMINA AD AZUL 110X110X15',1,2,2,2),(395,'PLA00391','UNID LAMINA AD AMAR 100X120X15',1,2,2,2),(396,'PLA00392','UNID LAMINA AD ROJO 100X120X15',1,2,2,2),(397,'PLA00393','UNID LAMINA AD AZUL 110X120X15',1,2,2,2),(398,'PLA00394','UNID LAMINA AD VERDE 100X120X15',1,2,2,2),(399,'PLA00395','UNID LAMINA AD BCO 100X120X15',1,2,2,2),(400,'PLA00396','UNID LAMINA AD AZUL 46X66X15',1,2,2,2),(401,'PLA00397','UNID BOLSA S/V 30X50 S/ IMP',1,2,2,2),(402,'PLA00398','UNID BOLSA BD TTE 60X90X150',1,2,2,2),(403,'PLA00399','UNID BOLSA BD TTE 24X50X30',1,2,2,2),(404,'PLA00400','UNID FUNDA BD TTE 65X70X20',1,2,2,2),(405,'PLA00401','UNID BOLSA BD TTE 24X120X30',1,2,2,2),(406,'PLA00402','UNID LAMINA AD TTE 120X140X15',1,2,2,2),(407,'PLA00403','UNID BOLSA BD TTE 15X20X80',1,2,2,2),(408,'PLA00404','KG MANGA BD TTE 56X00X60 ',1,2,2,2),(409,'PLA00405','UNID BOLSA BD TTE 20X20X30',1,2,2,2),(410,'PLA00406','UNID BOLSA S/V 20X27 S/IMP',1,2,2,2),(411,'PLA00407','UNID BOLSA BD TTE 18X25X30',1,2,2,2),(412,'PLA00408','UNID BOLSA BD TTE 40X60X20',1,2,2,2),(413,'PLA00409','KG MANGA AD AZUL 60X00X15',1,2,2,2),(414,'PLA00410','UNID BOLSA BD TTE 25X25X50',1,2,2,2),(415,'PLA00411','KG MANGA BD TTE 80X00X80 ',1,2,2,2),(416,'PLA00412','UNID LAMINA AD BCO 90X120X15',1,2,2,2),(417,'PLA00413','UNID LAMINA AD AMARILLO 90X120X15',1,2,2,2),(418,'PLA00414','UNID LAMINA AD ROJO 90X120X15',1,2,2,2),(419,'PLA00415','UNID BOLSA BD TTE 25X40X80',1,2,2,2),(420,'PLA00416','UNID BOLSA BD TTE 21X30X80',1,2,2,2),(421,'PLA00417','UNID BOLSA BD TTE 22X35X82',1,2,2,2),(422,'PLA00418','UNID BOLSA BD TTE 62X80X80',1,2,2,2),(423,'PLA00419','KG MANGA AD AZUL 40X00X45',1,2,2,2),(424,'PLA00420','KG MANGA AD AZUL 55X00X45',1,2,2,2),(425,'PLA00421','UNID LAMINA AD TTE  67X150X30',1,2,2,2),(426,'PLA00422','UNID BOLSA BD TTE 21X21X80',1,2,2,2),(427,'PLA00423','UNID BOLSA BD TTE 25X30X80',1,2,2,2),(428,'PLA00424','KG LAMINA AD PP TTE 60X00X15',1,2,2,2),(429,'PLA00425','UNID LAMINA AD AZUL 135X120X15',1,2,2,2),(430,'PLA00426','UNID BOLSA BD TTE 15X18X80',1,2,2,2),(431,'PLA00427','UNID MANGA  DESECHABLE',1,2,2,2),(432,'PLA00428','UNID LAMINA AD AZUL 80X110X50',1,2,2,2),(433,'PLA00429','UNID BOLSA S/V 18X22 S/ IMP',1,2,2,2),(434,'PLA00430','KG MANGA AD AZUL 70X00X15',1,2,2,2),(435,'PLA00431','UNID BOLSA S/V 24X70 S/ IMP',1,2,2,2),(436,'PLA00432','KG MANGA BD TTE 80X00X100',1,2,2,2),(437,'PLA00433','UNID BOLSA AD TTE 39X40X50',1,2,2,2),(438,'PLA00434','UNID BOLSA AD TTE 39X60X50',1,2,2,2),(439,'PLA00435','UNID BOLSA AD TTE 39X45X50',1,2,2,2),(440,'PLA00436','UNID BOLSA BD TTE 40X70X80',1,2,2,2),(441,'PLA00437','UNID BOLSA BD AZUL 32X70X80',1,2,2,2),(442,'PLA00438','UNID BOLSA AD TTE 60X110X20',1,2,2,2),(443,'PLA00439','UNID FUNDA BD TTE 90X70X40',1,2,2,2),(444,'PLA00440','UNID BOLSA BD TTE 20X110X30',1,2,2,2),(445,'PLA00441','KG MANGA BD TTE 72X00X65 ',1,2,2,2),(446,'PLA00442','KG BOLSA AD PP TTE 30X80X15',1,2,2,2),(447,'PLA00443','KG BOLSA BD TTE 34X35X100',1,2,2,2),(448,'PLA00444','KG LAMINA AD TTE 120X00X15',1,2,2,2),(449,'PLA00445','KG MANGA BD TTE 50X00X100 ',1,2,2,2),(450,'PLA00446','KG MANGA BD TTE 60X00X65 ',1,2,2,2),(451,'PLA00447','KG LAMINA BD BCO 100X00X50',1,2,2,2),(452,'PLA00448','UNID BOLSA BD TTE 50X60X50',1,2,2,2),(453,'PLA00449','KG BOLSA BD TTE 40X60X80',1,2,2,2),(454,'PLA00450','UNID LAMINA AD AZUL 80X110X25',1,2,2,2),(455,'PLA00451','KG LAMINA AD AZUL 80X110X25',1,2,2,2),(456,'PLA00452','KG LAMINA AD ROJO 80X110X25',1,2,2,2),(457,'PLA00453','KG LAMINA AD VERDE 80X110X25',1,2,2,2),(458,'PLA00454','KG LAMINA AD AMARILLO 80X110X25',1,2,2,2),(459,'PLA00455','KG MANGA BD TTE 60X00X45 ',1,2,2,2),(460,'PLA00456','UNID BOLSA AD TTE 15X70X15',1,2,2,2),(461,'PLA00457','UNID BOLSA AD AZUL 16X70X15',1,2,2,2),(462,'PLA00458','KG MANGA BD TTE 30X00X45 ',1,2,2,2),(463,'PLA00459','KG MANGA BD TTE 40X00X45',1,2,2,2),(464,'PLA00460','UNID BOLSA AD TTE 18X70X20',1,2,2,2),(465,'PLA00461','UNID FUNDA BD TTE 110X65X30',1,2,2,2),(466,'PLA00462','KG MANGA BD AZUL 78X00X23',1,2,2,2),(467,'PLA00463','UNID FUNDA BD TTE 115X90X30',1,2,2,2),(468,'PLA00464','UNID BOLSA BD TTE 25X45X30',1,2,2,2),(469,'PLA00465','UNID FUNDA AD TTE 68X60X20',1,2,2,2),(470,'PLA00466','UNID BOLSA BD TTE 25X50X80',1,2,2,2),(471,'PLA00467','UNID BOLSA BURBUJA 30X40',1,2,2,2),(472,'PLA00468','UNID BOLSA BD TTE 20X40X40',1,2,2,2),(473,'PLA00469','KG MANGA AD PP ROJO ',1,2,2,2),(474,'PLA00470','UNID LAMINA AD AZUL 120X120X30',1,2,2,2),(475,'PLA00471','UNID BOLSA BD TTE 40X60X25',1,2,2,2),(476,'PLA00472','UNID BOLSA BD TTE 26X35X80',1,2,2,2),(477,'PLA00473','KG MANGA BD TTE 59X00X75 ',1,2,2,2),(478,'PLA00474','KG MANGA BD TTE 23X00X55',1,2,2,2),(479,'PLA00475','UNID BOLSA BD TTE 40X100X25',1,2,2,2),(480,'PLA00476','UNID LAMINA PE 250X350X3',1,2,2,2),(481,'PLA00477','UNID BOLSA RETRACTIL 18X25X50',1,2,2,2),(482,'PLA00478','KG MANGA BD TTE 65X00X40 ',1,2,2,2),(483,'PLA00479','KG MANGA BD TTE 50X00X55 ',1,2,2,2),(484,'PLA00480','UNID BOLSA S/V 25X70x90 S/ IMP',1,2,2,2),(485,'PLA00481','UNID BOLSA S/V 50X80X90 S/IMP',1,2,2,2),(486,'PLA00482','KG MANGA BD TTE 152X00X30',1,2,2,2),(487,'PLA00483','UNID LAMINA AD AZUL 50X64X15',1,2,2,2),(488,'PLA00484','UNID LAMINA AD AZUL 50X30X15',1,2,2,2),(489,'PLA00485','UNID FUNDA BD AZUL 115X80X30',1,2,2,2),(490,'PLA00486','UNID LAMINA BD AZUL 40X60X30',1,2,2,2),(491,'PLA00487','UNID LAMINA BD AZUL 25X40X30',1,2,2,2),(492,'PLA00488','UNID LAMINA BD AZUL 90X120X30',1,2,2,2),(493,'PLA00489','KG MANGA AD VERDE 60X00X15',1,2,2,2),(494,'PLA00490','UNID LAMINA BD AZUL 80X130X30',1,2,2,2),(495,'PLA00491','UNID FUNDA BD TTE 75X140X50',1,2,2,2),(496,'PLA00492','KG MANGA BD TTE 70X00X20',1,2,2,2),(497,'PLA00493','KG MANGA BD TTE 20X00X80',1,2,2,2),(498,'PLA00494','KG MANGA AD ROJA 65X00X20',1,2,2,2),(499,'PLA00495','UNID LAMINA PE 382X277X1',1,2,2,2),(500,'PLA00496','KG BOLSA BD TTE 50X60X80',1,2,2,2),(501,'PLA00497','UNID BOLSA BD TTE 25X60X30',1,2,2,2),(502,'PLA00498','UNID LAMINA AD AMARILLA 67X120X15',1,2,2,2),(503,'PLA00499','KG MANGA BD TTE 20,5X00X70 FUELLE',1,2,2,2),(504,'PLA00500','UNID BOLSA S/V CELESTE 32X48X100',1,2,2,2),(505,'PLA00501','UNID BOLSA S/V CELESTE 40X45X90',1,2,2,2),(506,'PLA00502','UNID LAMINA AD AZUL 64X56X15',1,2,2,2),(507,'PLA00503','UNID LAMINA AD AZUL 56X35X15',1,2,2,2),(508,'PLA00504','KG MANGA BD TTE 52X00X80',1,2,2,2),(509,'PLA00505','UNID BOLSA BD BCO 110X150X50',1,2,2,2),(510,'PLA00506','KG MANGA BD TTE 52X00X45',1,2,2,2),(511,'PLA00507','UNID LAMINA AD AZUL 110X120X30',1,2,2,2),(512,'PLA00508','KG MANGA BD TTE 25X00X40',1,2,2,2),(513,'PLA00509','UNID BOLSA BD TTE 45X60X25',1,2,2,2),(514,'PLA00510','KG MANGA BD TTE 48X20X70',1,2,2,2),(515,'PLA00511','UNID PECHERAS POLIP CON AMARRAS',1,2,2,2),(516,'PLA00512','KG MANGA BD TTE 50X00X200 ',1,2,2,2),(517,'PLA00513','UNID PEDILUVIO ',1,2,2,2),(518,'PLA00514','KG MANGA BD TTE 110X00X25 ',1,2,2,2),(519,'PLA00515','KG MANGA BD TTE 40X00X100 ',1,2,2,2),(520,'PLA00516','UNID BOLSA BD TTE 30X35X30',1,2,2,2),(521,'PLA00517','UNID BOLSA BD TTE 30X45X30',1,2,2,2),(522,'PLA00518','KG POLIETILENO BD RECICLADO',1,2,2,2),(523,'PLA00519','UNID BOLSA BD TTE 30X40X60',1,2,2,2),(524,'PLA00520','UNID FUNDA BD AZUL 85X65X30',1,2,2,2),(525,'PLA00521','UNID PIEDEMETRO ',1,2,2,2),(526,'PLA00522','KG MANGA BD NEGRA 100X00X200 AB 1 LADO',1,2,2,2),(527,'PLA00523','KG MANGA BD BLANCA 100X00X200 AB 1 LADO',1,2,2,2),(528,'PLA00524','UNID ETIQUETA PLASTICA T-M CAF├ë',1,2,2,2),(529,'PLA00525','UNID LAMINA BURBUJA 40X60',1,2,2,2),(530,'PLA00526','UNID FUNDA AD TTE 74X60X20',1,2,2,2),(531,'PLA00527','KG MANGA BD TTE 19X00X30',1,2,2,2),(532,'PLA00528','KG MANGA BD TTE 40X00X50 ',1,2,2,2),(533,'PLA00529','UNID BOLSA AD TTE 30X70X15',1,2,2,2),(534,'PLA00530','UNID BOLSA BD TTE 60X100X50',1,2,2,2),(535,'PLA00531','UNID BOLSA BD TTE 66X96X70',1,2,2,2),(536,'PLA00532','UNID BOLSA BD TTE 66X80X70',1,2,2,2),(537,'PLA00533','UNID BOLSA BD TTE 62X90X70',1,2,2,2),(538,'PLA00534','KG BOLSA AD PP 58X85X25 TTE',1,2,2,2),(539,'PLA00535','KG BOLSA AD PP 58X85X25 BCO',1,2,2,2),(540,'PLA00536','KG BOLSA AD PP 58X85X25 ROJO',1,2,2,2),(541,'PLA00537','KG BOLSA AD PP 58X85X25 NARANJA',1,2,2,2),(542,'PLA00538','UNID BOLSA BD TTE 95X55X45',1,2,2,2),(543,'PLA00539','UNID BOLSA BD TTE 110X80X45',1,2,2,2),(544,'PLA00540','UNID BOLSA BD AZUL 30X52X80',1,2,2,2),(545,'PLA00541','KG MANGA BD TTE 45X00X30',1,2,2,2),(546,'PLA00542','UNID BOLSA AD TTE 70X90X25',1,2,2,2),(547,'PLA00543','UNID FUNDA BD TTE 80X140X25',1,2,2,2),(548,'PLA00544','UNID BOLSA BD TTE 25X35X30',1,2,2,2),(549,'PLA00545','UNID BOLSA BD TTE 45X90X60',1,2,2,2),(550,'PLA00546','UNID BOLSA S/V 25X50X90',1,2,2,2),(551,'PLA00547','UNID BOLSA BD TTE 80X110X25',1,2,2,2),(552,'PLA00548','KG MANGA BD TTE 46,5X20X70',1,2,2,2),(553,'PLA00549','UNID FUNDA AD TTE 49X80X15',1,2,2,2),(554,'PLA00550','UNID LAMINA AD AZUL 55X65X15',1,2,2,2);
/*!40000 ALTER TABLE `productos` ENABLE KEYS */;
UNLOCK TABLES;

--
-- Table structure for table `tipo_maquinas`
--

DROP TABLE IF EXISTS `tipo_maquinas`;
/*!40101 SET @saved_cs_client     = @@character_set_client */;
/*!50503 SET character_set_client = utf8mb4 */;
CREATE TABLE `tipo_maquinas` (
  `id` int NOT NULL AUTO_INCREMENT,
  `nombre` varchar(100) NOT NULL,
  PRIMARY KEY (`id`),
  UNIQUE KEY `nombre` (`nombre`),
  KEY `ix_tipo_maquinas_id` (`id`)
) ENGINE=InnoDB AUTO_INCREMENT=3 DEFAULT CHARSET=utf8mb4 COLLATE=utf8mb4_0900_ai_ci;
/*!40101 SET character_set_client = @saved_cs_client */;

--
-- Dumping data for table `tipo_maquinas`
--

LOCK TABLES `tipo_maquinas` WRITE;
/*!40000 ALTER TABLE `tipo_maquinas` DISABLE KEYS */;
INSERT INTO `tipo_maquinas` VALUES (1,'Extrusora'),(2,'Selladora');
/*!40000 ALTER TABLE `tipo_maquinas` ENABLE KEYS */;
UNLOCK TABLES;

--
-- Table structure for table `tipo_productos`
--

DROP TABLE IF EXISTS `tipo_productos`;
/*!40101 SET @saved_cs_client     = @@character_set_client */;
/*!50503 SET character_set_client = utf8mb4 */;
CREATE TABLE `tipo_productos` (
  `id` int NOT NULL AUTO_INCREMENT,
  `nombre` varchar(100) NOT NULL,
  PRIMARY KEY (`id`),
  UNIQUE KEY `nombre` (`nombre`),
  KEY `ix_tipo_productos_id` (`id`)
) ENGINE=InnoDB AUTO_INCREMENT=7 DEFAULT CHARSET=utf8mb4 COLLATE=utf8mb4_0900_ai_ci;
/*!40101 SET character_set_client = @saved_cs_client */;

--
-- Dumping data for table `tipo_productos`
--

LOCK TABLES `tipo_productos` WRITE;
/*!40000 ALTER TABLE `tipo_productos` DISABLE KEYS */;
INSERT INTO `tipo_productos` VALUES (5,'Bolsas'),(6,'Fundas'),(2,'Laminas'),(3,'Mangas'),(4,'Pecheras'),(1,'Rolllos');
/*!40000 ALTER TABLE `tipo_productos` ENABLE KEYS */;
UNLOCK TABLES;

--
-- Table structure for table `u_medidas`
--

DROP TABLE IF EXISTS `u_medidas`;
/*!40101 SET @saved_cs_client     = @@character_set_client */;
/*!50503 SET character_set_client = utf8mb4 */;
CREATE TABLE `u_medidas` (
  `id` int NOT NULL AUTO_INCREMENT,
  `nombre` varchar(50) NOT NULL,
  PRIMARY KEY (`id`),
  UNIQUE KEY `nombre` (`nombre`),
  KEY `ix_u_medidas_id` (`id`)
) ENGINE=InnoDB AUTO_INCREMENT=4 DEFAULT CHARSET=utf8mb4 COLLATE=utf8mb4_0900_ai_ci;
/*!40101 SET character_set_client = @saved_cs_client */;

--
-- Dumping data for table `u_medidas`
--

LOCK TABLES `u_medidas` WRITE;
/*!40000 ALTER TABLE `u_medidas` DISABLE KEYS */;
INSERT INTO `u_medidas` VALUES (1,'Kilogramo'),(3,'Metro'),(2,'Unidad');
/*!40000 ALTER TABLE `u_medidas` ENABLE KEYS */;
UNLOCK TABLES;

--
-- Table structure for table `usuarios`
--

DROP TABLE IF EXISTS `usuarios`;
/*!40101 SET @saved_cs_client     = @@character_set_client */;
/*!50503 SET character_set_client = utf8mb4 */;
CREATE TABLE `usuarios` (
  `id` int NOT NULL AUTO_INCREMENT,
  `nombre` varchar(100) NOT NULL,
  `email` varchar(100) NOT NULL,
  `password` varchar(255) NOT NULL,
  `activo` tinyint(1) DEFAULT NULL,
  `perfil_id` int NOT NULL,
  `created_at` datetime DEFAULT CURRENT_TIMESTAMP,
  `updated_at` datetime DEFAULT NULL,
  PRIMARY KEY (`id`),
  UNIQUE KEY `ix_usuarios_email` (`email`),
  KEY `perfil_id` (`perfil_id`),
  KEY `ix_usuarios_id` (`id`),
  CONSTRAINT `usuarios_ibfk_1` FOREIGN KEY (`perfil_id`) REFERENCES `perfiles` (`id`)
) ENGINE=InnoDB AUTO_INCREMENT=6 DEFAULT CHARSET=utf8mb4 COLLATE=utf8mb4_0900_ai_ci;
/*!40101 SET character_set_client = @saved_cs_client */;

--
-- Dumping data for table `usuarios`
--

LOCK TABLES `usuarios` WRITE;
/*!40000 ALTER TABLE `usuarios` DISABLE KEYS */;
INSERT INTO `usuarios` VALUES (1,'Mu├▒o Gustioz','admin@comercialfrys.cl','$2b$12$8gA4DBcj8ZGBmz4P1rKsyOqW2LWaYaNwkHsXoQF.85G0VXuORo2Qi',1,1,'2026-02-22 06:16:24',NULL),(2,'Martin Antolinez','usuario@comercialfrys.cl','$2b$12$hmgrqw4EfatRcnPRtY9hte4Cj6F/OH6hDRB3ua4FSf4Eejq84Or22',1,2,'2026-02-22 06:17:30','2026-02-22 06:20:35'),(3,'operario1','operario1@comercialfrys.cl','$2b$12$6YDhPpDtyC7ixcx0SbKj7ecdKYKQMCDFkiam3e6Kc8ynZUyYfPLEK',1,3,'2026-02-22 06:20:26',NULL),(5,'Jose Cid','jose@comercialfrys.cl','$2b$12$Z3KtENQq3bqy38q530pXfuO42RxwAYKSP6gBez9FDEyiYwxW62TJ.',1,3,'2026-03-10 21:32:30',NULL);
/*!40000 ALTER TABLE `usuarios` ENABLE KEYS */;
UNLOCK TABLES;
/*!40103 SET TIME_ZONE=@OLD_TIME_ZONE */;

/*!40101 SET SQL_MODE=@OLD_SQL_MODE */;
/*!40014 SET FOREIGN_KEY_CHECKS=@OLD_FOREIGN_KEY_CHECKS */;
/*!40014 SET UNIQUE_CHECKS=@OLD_UNIQUE_CHECKS */;
/*!40101 SET CHARACTER_SET_CLIENT=@OLD_CHARACTER_SET_CLIENT */;
/*!40101 SET CHARACTER_SET_RESULTS=@OLD_CHARACTER_SET_RESULTS */;
/*!40101 SET COLLATION_CONNECTION=@OLD_COLLATION_CONNECTION */;
/*!40111 SET SQL_NOTES=@OLD_SQL_NOTES */;

-- Dump completed on 2026-03-19 20:23:26
